0.,4.5315722956530906e7,5.498306430157347e7,9.995132932518951e10,1.4463576975239403e-21,3.2705249368156274e-21,-1.498965185048824e-15
0.00017826736060529247,4.5315722956543796e7,5.4983064301602624e7,9.995132931182869e10,1.4463576545777976e-21,3.2705248847076533e-21,-1.4989651851435489e-15
0.0005348020818158774,4.531572295656958e7,5.4983064301660925e7,9.995132928510703e10,1.4463575686855123e-21,3.2705247804917047e-21,-1.4989651853329986e-15
0.0013144451662470645,4.531572295662596e7,5.498306430178842e7,9.995132922667413e10,1.4463573808627775e-21,3.2705245526001733e-21,-1.4989651857472726e-15
0.0030193095257054986,4.531572295674925e7,5.4983064302067205e7,9.995132909889752e10,1.4463569701462665e-21,3.2705240542642568e-21,-1.4989651866531758e-15
0.006429038244622367,4.531572295699584e7,5.4983064302624784e7,9.995132884334428e10,1.44635614871324e-21,3.270523057592418e-21,-1.4989651884649824e-15
0.013885174372020175,4.531572295753505e7,5.498306430384406e7,9.995132828451987e10,1.4463543524657832e-21,3.2705208781460146e-21,-1.4989651924269036e-15
0.030189687291730317,4.531572295871416e7,5.498306430651027e7,9.9951327062525e10,1.4463504245679887e-21,3.270516112297807e-21,-1.4989652010905322e-15
0.0627987131311506,4.5315722961072356e7,5.498306431184268e7,9.995132461853523e10,1.446342568771967e-21,3.2705065806008675e-21,-1.4989652184177904e-15
0.12801676480999116,4.531572296578871e7,5.498306432250745e7,9.995131973055562e10,1.4463268571781936e-21,3.2704875172048877e-21,-1.4989652530723092e-15
0.2706306532942252,4.5315722976101905e7,5.498306434582815e7,9.995130904189218e10,1.4462925002486506e-21,3.2704458308068e-21,-1.498965328852194e-15
0.5558584302626932,4.531572299672755e7,5.498306439246865e7,9.995128766456367e10,1.4462237863564742e-21,3.2703624579704508e-21,-1.4989654804120122e-15
1.1263139841996295,4.531572303797591e7,5.49830644857461e7,9.995124490990018e10,1.4460863584397605e-21,3.2701957121370563e-21,-1.498965783531843e-15
2.37374291928953,4.5315723128161035e7,5.4983064689701565e7,9.995115141721495e10,1.4457858408807832e-21,3.269831084250071e-21,-1.4989664463722005e-15
4.86860078946933,4.531572330847506e7,5.498306509754427e7,9.995096443172047e10,1.4451848032311355e-21,3.2691018254024326e-21,-1.4989677720566357e-15
9.85831652982893,4.5315723668878175e7,5.4983065912956774e7,9.99505904602354e10,1.4439827178049704e-21,3.2676432954123675e-21,-1.4989704234403862e-15
25.97893661406764,4.531572483120781e7,5.498306854487947e7,9.994938224014745e10,1.4400989649146614e-21,3.262931009560108e-21,-1.4989789895850254e-15
82.92342381093731,4.531572891196098e7,5.498307781147768e7,9.99451142675745e10,1.4263788657377014e-21,3.246283958544088e-21,-1.4990092502969801e-15
284.07416151021783,4.531574301404793e7,5.498311016532273e7,9.993003738913179e10,1.3778998964226504e-21,3.1874628080167254e-21,-1.4991161639449972e-15
994.6191373053284,4.531578892275792e7,5.4983219713375784e7,9.98767712041704e10,1.206476843232985e-21,2.979469368917924e-21,-1.4994940841898208e-15
3504.548598177896,4.5315902232845575e7,5.4983547399986036e7,9.968850606838928e10,5.987387752321408e-22,2.242078398423055e-21,-1.5008322839566245e-15
9983.637154736985,4.5315840116067015e7,5.498396301741716e7,9.920174238219379e10,-9.86108007270295e-22,3.191135248328348e-22,-1.5043101899821847e-15
26708.644442049845,4.531327014539103e7,5.4982112155038595e7,9.793995791776376e10,-5.187155110111666e-21,-4.778285029129285e-21,-1.5134481787533825e-15
69882.28936429566,4.528972943828488e7,5.495681998384387e7,9.464652498667943e10,-1.6821046291069015e-20,-1.889501659424053e-20,-1.5381701516835718e-15
162373.38457300258,4.514637118005853e7,5.4789871440614626e7,8.739963884263924e10,-4.633709120101673e-20,-5.471363880633854e-20,-1.597494982931176e-15
337341.18843223416,4.441409385048163e7,5.391444954358661e7,7.28261696681286e10,-1.283058108116458e-19,-1.5420456764325167e-19,-1.74303403396895e-15
463871.9711701699,4.331562130049987e7,5.2590769430698134e7,6.135145567500711e10,-2.2698329275925287e-19,-2.740014949367105e-19,-1.8930124833611698e-15
590402.7539081055,4.138818103425493e7,5.026059594646668e7,4.8721728526498024e10,-4.010023520387944e-19,-4.8530608651555115e-19,-2.1167585036828906e-15
619976.253316016,4.075104389523126e7,4.948932810741985e7,4.554061585512328e10,-4.626877420055571e-19,-5.602169237778112e-19,-2.18748607693178e-15
649549.7527239266,4.0013258864000276e7,4.859583013565914e7,4.2247243394076035e10,-5.378020114569832e-19,-6.514404202942291e-19,-2.269045598263844e-15
687446.6918662075,3.888249905700677e7,4.722577925662816e7,3.783300059372792e10,-6.619611786566632e-19,-8.022362819398733e-19,-2.3947852207320358e-15
725343.6310084884,3.747422877813936e7,4.551866916188996e7,3.3150174147153244e10,-8.348048675226734e-19,-1.012176282009399e-18,-2.554960736505553e-15
755595.8414856988,3.607155993651737e7,4.3817663624899596e7,2.9165411354303154e10,-1.031140042888133e-18,-1.2506658044497962e-18,-2.720838247892713e-15
777210.9026683,3.4857877505227976e7,4.234540753103232e7,2.6146585041557503e10,-1.2242977308261961e-18,-1.4853086026168697e-18,-2.871157635513733e-15
792020.0410861424,3.389007661152026e7,4.1171179430553555e7,2.397555716392189e10,-1.3964153527238048e-18,-1.694401186552006e-18,-2.9964845963491317e-15
806829.179503985,3.2777997849719435e7,3.982167583120755e7,2.17027548855666e10,-1.6171049036778948e-18,-1.9625099290863075e-18,-3.1474432405381616e-15
819289.491785314,3.169860633618163e7,3.851163783035913e7,1.9695239295762417e10,-1.8583031214129483e-18,-2.2555444554544633e-18,-3.302068866116701e-15
831749.8040666431,3.044651535058629e7,3.699178139967211e7,1.7580804861186153e10,-2.1770987788798187e-18,-2.6428666848599707e-18,-3.492892503202985e-15
844338.103063244,2.894348309330105e7,3.516705106496266e7,1.5307905068915104e10,-2.6261286995359597e-18,-3.1884386809489087e-18,-3.7408001277501414e-15
856926.4020598449,2.709364898919276e7,3.2920946465180773e7,1.285297776120675e10,-3.3034667221671633e-18,-4.01144084097534e-18,-4.0795774973203046e-15
864185.8126542447,2.579517119946006e7,3.1344111185920183e7,1.132625453646634e10,-3.883137010567445e-18,-4.715797241472108e-18,-4.343939171286062e-15
871445.2232486444,2.4243994743816976e7,2.9460217182026755e7,9.689239601494772e9,-4.720614377220006e-18,-5.733446374272799e-18,-4.694375716191569e-15
874648.2723617553,2.3449039437253386e7,2.849467651951272e7,8.922115767559324e9,-5.224853990321473e-18,-6.346180775993998e-18,-4.890946978823487e-15
877851.3214748661,2.256356478865385e7,2.7419138974037852e7,8.120629576878631e9,-5.8587971289570966e-18,-7.116539127569099e-18,-5.125447984628718e-15
883910.61256348,2.054099361510299e7,2.4962238211038575e7,6.482540174688959e9,-7.668045452695717e-18,-9.315172370186701e-18,-5.733883732067716e-15
886184.8534515733,1.9612302065942623e7,2.383403487526133e7,5.812992780214268e9,-8.71500862106898e-18,-1.0587494404834334e-17,-6.053931772836858e-15
888459.0943396665,1.8544843619873792e7,2.2537193591609433e7,5.10248296679083e9,-1.0139229854708726e-17,-1.2318308515522474e-17,-6.4603674480889815e-15
890901.613970356,1.717865838767954e7,2.0877345955238227e7,4.27945795108564e9,-1.2404158194795635e-17,-1.5070863803791503e-17,-7.052607200212944e-15
892685.8325412209,1.5965778167449512e7,1.940367983317019e7,3.6246182203270564e9,-1.4968492026438386e-17,-1.8187346886398867e-17,-7.66178285008046e-15
894470.0511120859,1.446052316288317e7,1.7574681351053216e7,2.904080827156024e9,-1.9172906190250396e-17,-2.3297154055140284e-17,-8.557845680667506e-15
895251.1948134296,1.3658576218758922e7,1.6600215703029841e7,2.5594139537715645e9,-2.2046413423154232e-17,-2.6789508029125142e-17,-9.11494379601265e-15
895809.7428762722,1.3005982020588536e7,1.580721297344564e7,2.2980779027238398e9,-2.4815048882278618e-17,-3.015443824112117e-17,-9.618510291268301e-15
896302.1213180848,1.2357221179328943e7,1.5018851765565347e7,2.0547284980199394e9,-2.804216331849292e-17,-3.407662668909304e-17,-1.0171403968118285e-14
897233.5663878742,1.0845159374771172e7,1.3181363033739451e7,1.548458058305046e9,-3.80889319276952e-17,-4.6287504031563306e-17,-1.1714938029673497e-14
897670.0823341119,9.927575994169476e6,1.206625677298929e7,1.28086343711668e9,-4.668053554057008e-17,-5.67299255568794e-17,-1.287954357596873e-14
898056.1147977379,8.914033662507312e6,1.0834501693540327e7,1.0183262471225919e9,-5.958559217252175e-17,-7.241519863169867e-17,-1.4443385986172337e-14
898398.2989160827,7.727610474238083e6,9.392602514392534e6,7.531226761473687e8,-8.192627189548712e-17,-9.956923022217243e-17,-1.6793262288651617e-14
898544.7526121729,7.067725685903103e6,8.590603749156473e6,6.244948625571359e8,-9.970111523424769e-17,-1.2117392940290703e-16,-1.844073984601119e-14
898657.3397680763,6.449461792591959e6,7.839177491224488e6,5.158126517410179e8,-1.2172108991711666e-16,-1.4793863084169811e-16,-2.0289527838581184e-14
898762.3587859226,5.726422861344796e6,6.960395371882091e6,4.028451784876138e8,-1.5735734068945446e-16,-1.9125388595310287e-16,-2.2957072085174733e-14
898839.9858291845,5.028842595682551e6,6.112541556129241e6,3.0790924096032786e8,-2.0775102570741884e-16,-2.5250702776650475e-16,-2.6256482390076763e-14
898891.8152836662,4.414397160948926e6,5.365720342190915e6,2.3541851657699904e8,-2.738591361938651e-16,-3.3286149917483066e-16,-3.0025111738480804e-14
898925.6808604469,3.887291543849226e6,4.7250472016579695e6,1.8134471497364533e8,-3.5786834333174845e-16,-4.349753843066913e-16,-3.420602433375139e-14
898950.0454371863,3.387147656081265e6,4.1171379847765756e6,1.368202408106734e8,-4.772345525527815e-16,-5.80066776661386e-16,-3.937431029488961e-14
898965.4188898671,2.9690177077996954e6,3.608909117855552e6,1.045748110032751e8,-6.27502270425897e-16,-7.62720268808911e-16,-4.502909747032044e-14
898976.1305349335,2.583567786932453e6,3.1403982060763156e6,7.880047457022245e7,-8.364450328795237e-16,-1.0166955219825585e-15,-5.185988254002823e-14
898983.0019648809,2.255132946554945e6,2.7411856362460908e6,5.9787763894648224e7,-1.106408877427634e-15,-1.3448446337627949e-15,-5.951798511982845e-14
898987.6959069849,1.9568985362417845e6,2.3786793485438926e6,4.484510147739421e7,-1.4795563616477003e-15,-1.7984179640673906e-15,-6.869140587098503e-14
898990.7375180005,1.698685071050257e6,2.064817054952537e6,3.3673464295262925e7,-1.9750250462739585e-15,-2.400678494195419e-15,-7.922433304041217e-14
898992.762914231,1.4683837234088052e6,1.7848809720595458e6,2.507901353499832e7,-2.6563283009280596e-15,-3.2288298237463396e-15,-9.172626179851862e-14
898994.0713142301,1.2682218928871835e6,1.5415790501877984e6,1.864953725622902e7,-3.5754282904594185e-15,-4.346034946967782e-15,-1.0625217896596491e-13
898994.9273103066,1.0914651684826966e6,1.32672583916921e6,1.3770358719577275e7,-4.842687100840453e-15,-5.886444764521693e-15,-1.2346412772317856e-13
898995.4757028472,937951.6339673172,1.1401248279561105e6,1.0136613705233408e7,-6.5724449887871e-15,-7.989046300152112e-15,-1.4360398499676908e-13
898995.7544825879,835506.6095723753,1.0155990437754374e6,8.022374661622519e6,-8.291708551176687e-15,-1.0078894048637137e-14,-1.6108843121314124e-13
898996.0332623286,698722.1900635958,849332.0425915022,5.585362461438898e6,-1.1860308549607416e-14,-1.441670459079446e-14,-1.9223001714535604e-13
898996.0332925764,698704.2521827967,849310.238341855,5.5850717308637295e6,-1.1860916769402075e-14,-1.4417443912613463e-14,-1.922348789963867e-13
898996.0333228243,698686.3133820731,849288.4329739929,5.584780992935171e6,-1.1861525066773255e-14,-1.441818332873083e-14,-1.9223974133925216e-13
898996.0333607078,698663.8448384516,849261.1215128349,5.58441685116735e6,-1.1862287031308511e-14,-1.4419109535032293e-14,-1.9224583181885735e-13
898996.0334364749,698618.903420746,849206.4933266233,5.583688533018721e6,-1.1863811325637887e-14,-1.4420962391626387e-14,-1.9225801509363993e-13
898996.0337041144,698460.1060862865,849013.4684774566,5.581115451993491e6,-1.1869199645693048e-14,-1.4427512166274778e-14,-1.92301076033806e-13
898996.0346495247,697898.5921966727,848330.924686797,5.572021680731756e6,-1.1888282179513953e-14,-1.4450707948152442e-14,-1.9245349392360488e-13
898996.0379890925,695907.8402472859,845911.0817573047,5.539840915226073e6,-1.195630491334146e-14,-1.453339301141824e-14,-1.9299579025841763e-13
898996.0437816669,692427.599839837,841680.702580999,5.483805903426582e6,-1.2076620636072741e-14,-1.4679642843672386e-14,-1.9395110765415588e-13
898996.0587345184,683278.4419595223,830559.5134650903,5.33785247943698e6,-1.2401641091169862e-14,-1.507472163220557e-14,-1.9650757118025507e-13
898996.091769306,662148.8659400137,804875.6108349662,5.008286031784186e6,-1.320383142925709e-14,-1.6049824673299692e-14,-2.0267318700964891e-13
898996.1625398813,611692.0780256625,743543.186121013,4.263631009107246e6,-1.54622780553751e-14,-1.879508207146752e-14,-2.1905908123338525e-13
898996.2788402202,504066.9262204558,612719.9227967332,2.874280517828302e6,-2.269490807792594e-14,-2.758672097101712e-14,-2.6445454289871664e-13
898996.3267831441,442556.09905021836,537950.5943848047,2.201606929963218e6,-2.932644706296617e-14,-3.564770880245677e-14,-2.997056549246205e-13
898996.3747260681,357120.00027842034,434098.81601569743,1.413326332687376e6,-4.4567788993715764e-14,-5.4174383228333256e-14,-3.669917285338259e-13
898996.392098323,313448.1144745308,381013.4257453098,1.0758253317579427e6,-5.730383325334146e-14,-6.965574245604175e-14,-4.138489461324326e-13
898996.409470578,253345.7234188424,307955.8508492723,683575.7503361724,-8.576111366988668e-14,-1.0424714375503513e-13,-5.000892548669758e-13
898996.4163469438,219920.5183096196,267325.7432176812,501575.4019044188,-1.1141039839084104e-13,-1.3542528500708422e-13,-5.636216789759212e-13
898996.4232233098,173187.65361391276,210519.4267099805,290354.7327519263,-1.7057313952586866e-13,-2.07340939811653e-13,-6.790205439560758e-13
898996.4259190497,146921.07639145228,178590.96370452925,193741.8827857527,-2.252477344684021e-13,-2.738010248629684e-13,-7.603482041827558e-13
898996.4286147895,109326.02946332766,132892.09751964087,83104.04361333487,-3.557564135877662e-13,-4.324418215753329e-13,-8.930723397850819e-13
898996.4286153888,109315.36990179398,132879.1402263041,83077.28571291272,-3.55806253236542e-13,-4.3250240454444233e-13,-8.931102210785884e-13
898996.428615988,109304.70884677424,132866.18111754887,83050.52667747394,-3.558561089562986e-13,-4.32563007048766e-13,-8.931481060781786e-13
898996.4286167388,109291.34862704146,132849.94102309007,83016.99648315812,-3.559185999759106e-13,-4.326389684892046e-13,-8.931955805332923e-13
898996.4286182404,109264.62114735668,132817.45227637983,82949.93074732425,-3.5604365780646927e-13,-4.3279098349886324e-13,-8.932905468838289e-13
898996.4286230918,109178.2065930266,132712.41055138913,82733.20808676777,-3.5644838277507324e-13,-4.332829500537192e-13,-8.935975199675005e-13
898996.4286402289,108872.16710561237,132340.40243258447,81967.06013027906,-3.5788654790862733e-13,-4.350311227705079e-13,-8.946838039832601e-13
898996.428700764,107781.12380899364,131014.17824775293,79253.24018667218,-3.6307540019745774e-13,-4.4133847223674495e-13,-8.98544707058863e-13
898996.428857028,104889.56352278989,127499.32476657467,72193.30644336446,-3.7730596211949967e-13,-4.586365421299849e-13,-9.086721134767518e-13
898996.4292019535,98079.11594671509,119220.84352521824,56324.86801697054,-4.137526075203872e-13,-5.029395475497042e-13,-9.31654170716754e-13
898996.4299230194,81354.35545929769,98890.95396896753,21880.30716478265,-5.234903201287255e-13,-6.36332107577533e-13,-9.77518474271489e-13
898996.4309233016,48436.71736393602,58877.68955308528,-27142.91869999397,-8.406534370831867e-13,-1.0218624651501858e-12,-9.34280252397439e-13
898996.4314480148,22620.430128793836,27496.504112552546,-48188.48027231016,-1.135821348370688e-12,-1.3806566682311592e-12,-5.896329869472278e-13
898996.4318764262,-3527.858559024695,-4288.263951903431,-53925.89550541624,-1.2557229287123608e-12,-1.526404746591631e-12,1.007049966033234e-13
898996.4323048376,-28811.751383728584,-35022.32352231395,-44577.57414965467,-1.0708096614998574e-12,-1.3016324685513393e-12,7.058633494772771e-13
898996.432724762,-48755.985334070705,-59265.723933050744,-26879.261249863655,-8.376090017159768e-13,-1.0181636613519618e-12,9.343867204649742e-13
898996.4331460601,-64513.339609572584,-78419.73002528338,-6462.131326792922,-6.694964813970379e-13,-8.138131171443072e-13,9.880883957002568e-13
898996.43366715,-80062.64161099447,-97320.84175524536,19249.758863259416,-5.344603359521418e-13,-6.496687770233843e-13,9.78727249489064e-13
898996.4343640228,-96589.19647402357,-117409.86922148448,52633.59806573276,-4.235731703829653e-13,-5.148788998859812e-13,9.355646358169051e-13
898996.4353200468,-114499.6148519771,-139181.0736335976,95854.97584144313,-3.3391142719325087e-13,-4.058897462352788e-13,8.740494746455935e-13
898996.4366335218,-133885.07612157185,-162745.29084485676,150885.62562005362,-2.63042899306597e-13,-3.1974483694117727e-13,8.048742396847981e-13
898996.438429176,-154790.09586601556,-188156.63427705716,219834.13228098775,-2.0780544599697716e-13,-2.5260041196757906e-13,7.348918914306787e-13
898996.4408887627,-177447.63353327152,-215698.28289749697,305809.2489246044,-1.646967706284317e-13,-2.001992283412293e-13,6.674479100657311e-13
898996.4442657633,-202139.1700091739,-245712.3972200058,412813.35825532646,-1.3091161806913978e-13,-1.5913133599628853e-13,6.041051870645446e-13
898996.4489088887,-229159.59020758697,-278557.4321028131,545804.842456179,-1.0432564569056727e-13,-1.268144729213814e-13,5.455268047858632e-13
898996.4552897706,-258789.9005689442,-314574.9732935762,710718.7263687812,-8.334699419460193e-14,-1.0131364128293843e-13,4.91933903535162e-13
898996.4640571872,-291353.5326333939,-354158.17820410937,914951.6974556965,-6.673662242111332e-14,-8.11227139878879e-14,4.4321426694642504e-13
898996.4760861273,-327168.47026040236,-397693.5837326214,1.1673482764287957e6,-5.355461559220452e-14,-6.5099169441228e-14,3.99146484146628e-13
898996.4925638963,-366582.7158454647,-445604.2180207636,1.4786932467804812e6,-4.306785075078314e-14,-5.2351853502963425e-14,3.594151900379796e-13
898996.5150905767,-409962.58749688783,-498335.37526572956,1.861987200124333e6,-3.470721282415507e-14,-4.2188973178697054e-14,3.236774439893957e-13
898996.5458071867,-457684.98874163674,-556345.2194029873,2.332751090849707e6,-2.802950660158411e-14,-3.407179843042935e-14,2.915916444833738e-13
898996.5876026958,-510183.50611001876,-620160.8193501569,2.9099522004987467e6,-2.268316990868909e-14,-2.7572984521417427e-14,2.6280386371970907e-13
898996.644311489,-567892.132359165,-690309.7413042465,3.616013783765627e6,-1.839525311817368e-14,-2.2360744899744384e-14,2.369970238780427e-13
898996.7210685518,-631305.7237112287,-767393.5393927003,4.478146083614999e6,-1.494846374851516e-14,-1.817094753718141e-14,2.1386256411471297e-13
898996.8246075459,-700897.6349968258,-851987.6360371248,5.528012268098973e6,-1.2173875372373338e-14,-1.479825221694245e-14,1.9313603309719387e-13
898996.963995437,-777276.340212389,-944831.7066156222,6.804916759659122e6,-9.934083989173327e-15,-1.2075636069935423e-14,1.7454779469347937e-13
898997.1513348328,-861124.15048389,-1.046755188267496e6,8.356502103271056e6,-8.121038224265103e-15,-9.871756089541635e-15,1.5785729542846354e-13
898997.4017610041,-952864.5040635425,-1.1582728458807697e6,1.0233249110243507e7,-6.654282965178093e-15,-8.0888142181035e-15,1.4290194573702065e-13
898997.736465742,-1.0534284423153524e6,-1.2805164849955272e6,1.2504855356784916e7,-5.462156523377296e-15,-6.639701257220473e-15,1.2945799468155195e-13
898998.1811963227,-1.1632490633165985e6,-1.4140126317211739e6,1.5240770915122686e7,-4.494187622708409e-15,-5.463066293591861e-15,1.1740060210288267e-13
898998.7731187504,-1.283609954336782e6,-1.5603216655179053e6,1.854415142725413e7,-3.703336661221278e-15,-4.501729741741137e-15,1.065327452404713e-13
898999.5542777104,-1.4146782964626632e6,-1.719646893130538e6,2.2502570806622088e7,-3.0595566288200094e-15,-3.719167633578455e-15,9.678465163490274e-14
899000.5876093343,-1.5580377061475362e6,-1.8939134396725765e6,2.72614431392733e7,-2.531686634192487e-15,-3.0775019138754465e-15,8.798804233382241e-14
899001.9537137519,-1.7149751844692705e6,-2.0846858936394986e6,3.2982748727603905e7,-2.0976789332895496e-15,-2.5499321519275343e-15,8.003525347339575e-14
899003.7302924137,-1.8844133074067275e6,-2.290654674512442e6,3.975705469347476e7,-1.7445399428330685e-15,-2.120663890580495e-15,7.292934400521487e-14
899006.0891989185,-2.0714642442376507e6,-2.5180342935048565e6,4.7951606877199516e7,-1.4501167304195278e-15,-1.762768702361999e-15,6.64296688623144e-14
899009.1564866286,-2.273962843157403e6,-2.764192981206503e6,5.7664734390348375e7,-1.2090408689045641e-15,-1.4697210092491582e-15,6.059477946563098e-14
899013.154426254,-2.4942501467508287e6,-3.0319767365250033e6,6.921831330626215e7,-1.0100148806929377e-15,-1.2277879613706464e-15,5.5320346701087854e-14
899018.3690951699,-2.7344614398278585e6,-3.3239814947419767e6,8.298078315217952e7,-8.449594175568303e-16,-1.0271485667635695e-15,5.053523469362903e-14
899025.1690879695,-2.9966751501510385e6,-3.6427341370627396e6,9.937904909152146e7,-7.077226064777563e-16,-8.603248100082414e-16,4.6185872388290365e-14
899033.7823308121,-3.2756636160729653e6,-3.9818801107841507e6,1.1838903004482454e8,-5.959999637124532e-16,-7.245155060831492e-16,4.232153550570324e-14
899045.072590719,-3.5834666924260785e6,-4.356055777964356e6,1.412144534006422e8,-5.014120508764702e-16,-6.095347689433101e-16,3.8755176770094934e-14
899059.3890605756,-3.912575482486441e6,-4.756133527241396e6,1.6774795015289694e8,-4.2365483734645435e-16,-5.15013107331413e-16,3.556186649477971e-14
899078.1662407734,-4.276965986509111e6,-5.1991036936209295e6,1.9966400599826708e8,-3.5736424172916957e-16,-4.344300225967629e-16,3.2598817237656426e-14
899101.964906503,-4.667340491189602e6,-5.673664179715682e6,2.367810414377241e8,-3.026253634230293e-16,-3.6788902986411686e-16,2.9937221293847713e-14
899133.1196918851,-5.099715018245029e6,-6.199285696581709e6,2.813787987321145e8,-2.5584403729692787e-16,-3.110210975159482e-16,2.746434728175994e-14
899171.6938797215,-5.553958259237361e6,-6.751496120014414e6,3.3212751733320534e8,-2.1779765184064445e-16,-2.647712881037848e-16,2.528068149864335e-14
899219.589252517,-6.035332605014659e6,-7.336693378643989e6,3.902015276189964e8,-1.8632036206199615e-16,-2.26506828560453e-16,2.3324935929438774e-14
899289.1466988336,-6.627478477580827e6,-8.056559407664862e6,4.6760489242963535e8,-1.5643480077983913e-16,-1.9017714673765802e-16,2.130839580850079e-14
899409.5065477798,-7.466669611154856e6,-9.076767131683553e6,5.883548816591372e8,-1.2539813588913794e-16,-1.5244793442245639e-16,1.8997741859518896e-14
899409.5133136079,-7.466712032044337e6,-9.076818703239493e6,5.88361308414458e8,-1.2539681995700292e-16,-1.5244633472537823e-16,1.899763816708775e-14
899409.5200786719,-7.466754447697029e6,-9.07687026842904e6,5.883677344087652e8,-1.2539550420914197e-16,-1.5244473525231075e-16,1.8997534488633534e-14
899409.5285493354,-7.466807556505053e6,-9.076934833408728e6,5.883757804675051e8,-1.2539385678676162e-16,-1.524427325831013e-16,1.8997404674085488e-14
899409.5454906628,-7.466913772027947e6,-9.077063960823582e6,5.883918724200464e8,-1.2539056210956012e-16,-1.5243872744837115e-16,1.8997145055637294e-14
899409.6002241817,-7.4672569107994605e6,-9.077481118518082e6,5.884438603023194e8,-1.253799192944411e-16,-1.5242578963810011e-16,1.8996306385356694e-14
899409.7770555504,-7.468365313982605e6,-9.07882861684777e6,5.886118054702679e8,-1.2534555074088812e-16,-1.523840099188442e-16,1.8993597847360756e-14
899410.3483568955,-7.471944233949542e6,-9.083179550623102e6,5.891542340009574e8,-1.2523467982421035e-16,-1.5224923101832925e-16,1.8984857734800145e-14
899412.3664220794,-7.484561137818177e6,-9.09851806624317e6,5.910683151956725e8,-1.2484505627530678e-16,-1.5177558979172551e-16,1.8954112456647463e-14
899417.575820687,-7.516949953510082e6,-9.137893536431586e6,5.959950457978898e8,-1.2385358258639686e-16,-1.5057031639197962e-16,1.8875658202468374e-14
899431.0232722716,-7.599388761234594e6,-9.238115465600032e6,6.08619939278235e8,-1.21385431072785e-16,-1.475699354710195e-16,1.8678982556410808e-14
899450.4840711572,-7.715848972215746e6,-9.379697865793739e6,6.266623575389826e8,-1.180290342818062e-16,-1.4348976580076515e-16,1.8408293087935144e-14
899492.1750288192,-7.955002731045722e6,-9.67044139088616e6,6.644710166423247e8,-1.1158081903453762e-16,-1.3565104731287446e-16,1.787723794592241e-14
899581.4897563899,-8.42714916167319e6,-1.024444129252562e7,7.420834591598241e8,-1.0038256597370815e-16,-1.2203794725867863e-16,1.6917168010647566e-14
899750.448743199,-9.207535943544254e6,-1.1193185079083988e7,8.788801719240097e8,-8.541281041744863e-17,-1.0383995045060197e-16,1.5545840146979234e-14
899899.8674631604,-9.809356277503299e6,-1.1924846504539749e7,9.914910788055922e8,-7.615680592766384e-17,-9.258781884280129e-17,1.4637051201677467e-14
900085.825670547,-1.0475890715319555e7,-1.2735191077461595e7,1.123300250800458e9,-6.765324938094745e-17,-8.225035582320881e-17,1.3752164119859677e-14
900420.1901032582,-1.1512717082052555e7,-1.3995735639993113e7,1.3428218687576323e9,-5.715285257434658e-17,-6.948532575092062e-17,1.257890345852216e-14
900970.2185143286,-1.2926024882020772e7,-1.5714023650681984e7,1.6696346842641487e9,-4.657348730742909e-17,-5.662418019048478e-17,1.1282042818915394e-14
901754.5867966008,-1.4565148314365393e7,-1.770689516759891e7,2.087037111873674e9,-3.781658755180216e-17,-4.5978456102513176e-17,1.0092302180112761e-14
902519.1247274393,-1.5902469008871742e7,-1.933285986684519e7,2.456922488423932e9,-3.2505921907768436e-17,-3.9522234802496664e-17,9.30269298945476e-15
903151.9297951314,-1.6878999687477417e7,-2.0520178744586483e7,2.7430968095053473e9,-2.936301048559458e-17,-3.5701339879352937e-17,8.804836753002025e-15
903784.7348628236,-1.7767888355239257e7,-2.1600949297024913e7,3.015061929849142e9,-2.691876635685947e-17,-3.272980877685766e-17,8.399028690360412e-15
904981.828623204,-1.9270304682772983e7,-2.342771236438981e7,3.4988991883161073e9,-2.3491762844923074e-17,-2.8563479039225397e-17,7.797830332503956e-15
906696.9096022185,-2.1132354609186318e7,-2.569178896681106e7,4.139201845097091e9,-2.0164037404436007e-17,-2.4517801462170353e-17,7.170723757629929e-15
909664.6276323666,-2.383467593858182e7,-2.8977632970695846e7,5.14461240426189e9,-1.6576179569579886e-17,-2.015580702184169e-17,6.4338728936694765e-15
912979.0339057071,-2.636238010504471e7,-3.2051231910729762e7,6.162221668866108e9,-1.4110279625478888e-17,-1.7157803044402194e-17,5.880422278484834e-15
916874.5858543883,-2.8912914096620247e7,-3.515266295947988e7,7.260232096085866e9,-1.2205577545196156e-17,-1.484206099947546e-17,5.419259426531418e-15
919728.4377865685,-3.057929667175985e7,-3.7179009289271906e7,8.014349213803387e9,-1.119130316949283e-17,-1.3608888719291718e-17,5.159120233306701e-15
921946.3141904795,-3.1783662297056105e7,-3.8643553573843576e7,8.576756180108101e9,-1.054744041988317e-17,-1.2826063156132655e-17,4.987911076627037e-15
924164.1905943903,-3.2922038762368325e7,-4.002786622546551e7,9.121372070131039e9,-9.99719430341751e-18,-1.215705503898585e-17,4.837470317986868e-15
924164.3560590536,-3.2922121471330132e7,-4.002796680342475e7,9.121412091607218e9,-9.997156200555962e-18,-1.2157008712078282e-17,4.837459761207397e-15
924164.5214029661,-3.292220411961882e7,-4.0028067307602726e7,9.12145208378982e9,-9.99711812590599e-18,-1.2156962419471492e-17,4.8374492122244496e-15
924164.7286155033,-3.2922307695782166e7,-4.002819326105351e7,9.121502202727552e9,-9.997070410510236e-18,-1.2156904405279416e-17,4.83743599214339e-15
924165.1430405774,-3.292251484662579e7,-4.002844516615191e7,9.121602440192118e9,-9.996974981627906e-18,-1.215678837921642e-17,4.837409552417091e-15
924166.6069559361,-3.292324657055021e7,-4.00293349766139e7,9.121956514681143e9,-9.99663790896796e-18,-1.215637855346118e-17,4.837316161364873e-15
924171.7780913489,-3.292583111506097e7,-4.003247790347273e7,9.123207192883728e9,-9.995447487508023e-18,-1.2154931193778654e-17,4.836986324788003e-15
924188.4848365291,-3.2934179079266347e7,-4.004262941834988e7,9.127247262896002e9,-9.991604216122328e-18,-1.215025839813579e-17,4.835921316633436e-15
924247.4997523354,-3.296364176976575e7,-4.007845743321226e7,9.141511295189404e9,-9.978061228492218e-18,-1.2133792316646352e-17,4.832166814534262e-15
924332.9485429035,-3.300623069907504e7,-4.0130247585458316e7,9.162144858289656e9,-9.958542698222283e-18,-1.2110060937790604e-17,4.826751308041492e-15
924553.5245749287,-3.3115785703012496e7,-4.026347173151718e7,9.215301522290876e9,-9.90864718915425e-18,-1.2049396037260439e-17,4.812883782288215e-15
925122.9157340126,-3.3396081485147823e7,-4.0604325386176065e7,9.351820523540842e9,-9.783012218332093e-18,-1.189664399906734e-17,4.777812958029649e-15
925855.1443125672,-3.375138941541253e7,-4.103639862981782e7,9.525939504315998e9,-9.627818393856853e-18,-1.1707952810615509e-17,4.734183533409143e-15
927423.8009153533,-3.449416347662408e7,-4.193965503502526e7,9.893746796023697e9,-9.317322704772504e-18,-1.1330438013827531e-17,4.645843584181049e-15
930784.3410657009,-3.600950681939062e7,-4.378241640680395e7,1.0659817399954525e10,-8.737053970685057e-18,-1.0624916860282706e-17,4.476780456097422e-15
934138.4825358645,-3.743275060237562e7,-4.551319728879829e7,1.1398047802297756e10,-8.249099884100818e-18,-1.0031632339591089e-17,4.330296027359724e-15
937492.624006028,-3.878026792228282e7,-4.7151904982117645e7,1.2113239682439777e10,-7.83104710477762e-18,-9.523334670034874e-18,4.201379095494418e-15
943837.7404255432,-4.115747831126396e7,-5.004285378554997e7,1.3412178523575563e10,-7.181653117278292e-18,-8.733749312592741e-18,3.994240582033979e-15
955840.9617372658,-4.518146691397867e7,-5.493656972475102e7,1.5714059149994278e10,-6.285037808134983e-18,-7.643556581493205e-18,3.6925474911278456e-15
974560.9990052246,-5.060168852895361e7,-6.152848665919952e7,1.90052059140407e10,-5.3664707339266154e-18,-6.5266498724241886e-18,3.3607996629271597e-15
999640.3027762651,-5.680579472990834e7,-6.907398841601597e7,2.3017168278788414e10,-4.588132913999707e-18,-5.580228606649827e-18,3.05738322321616e-15
1.026186332892591e6,-6.251235627861983e7,-7.601458216082343e7,2.6916742810249413e10,-4.044438985261611e-18,-4.919107819126193e-18,2.830390516894508e-15
1.059037393710998e6,-6.875054979488656e7,-8.360198241257977e7,3.1387961279084408e10,-3.57960360876198e-18,-4.35386538521245e-18,2.624382152961562e-15
1.0590380902164492e6,-6.875067445541479e7,-8.36021340369545e7,3.138805267384287e10,-3.57959538876627e-18,-4.353855389540591e-18,2.6243784001326775e-15
1.0590387867219006e6,-6.875079911565676e7,-8.360228566098112e7,3.1388144068470634e10,-3.57958716882746e-18,-4.353845393937926e-18,2.6243746473256495e-15
1.0590396624860223e6,-6.875095585913113e7,-8.360247630778533e7,3.1388258985025223e10,-3.579576833414823e-18,-4.3538328258786304e-18,2.6243699286947524e-15
1.0590427560356846e6,-6.875150953624281e7,-8.360314974425527e7,3.1388664914671467e10,-3.579540325317655e-18,-4.353788431334683e-18,2.624353260876972e-15
1.059052750580747e6,-6.875329830062723e7,-8.36053254151529e7,3.138997636206317e10,-3.5794223837510036e-18,-4.353645012134816e-18,2.6242994139503103e-15
1.0590880553171884e6,-6.875961646116832e7,-8.361301018256614e7,3.1394608704162453e10,-3.5790058606497196e-18,-4.353138512073674e-18,2.6241092410485418e-15
1.0592021167733837e6,-6.878002395701563e7,-8.363783178482029e7,3.1409572439042347e10,-3.5776611685099905e-18,-4.351503340628765e-18,2.6234952196169017e-15
1.059605027523592e6,-6.88520501094685e7,-8.372543708781528e7,3.146240234773604e10,-3.572923340952329e-18,-4.345742050517407e-18,2.6213309239944104e-15
1.060645094374747e6,-6.903753778119716e7,-8.395104559188274e7,3.1598575710848736e10,-3.5607801034903356e-18,-4.3309756321404986e-18,2.615777472885342e-15
1.0633299049793575e6,-6.951346381809318e7,-8.452991484752905e7,3.1948768032385056e10,-3.530000236206321e-18,-4.293546659994689e-18,2.6016602423349673e-15
1.0702604286996585e6,-7.072340943706286e7,-8.600157792987418e7,3.284418119610908e10,-3.454115593160478e-18,-4.201269067082494e-18,2.5666021516865108e-15
1.0851077210794194e6,-7.323176606000985e7,-8.905252814230484e7,3.472341506989127e10,-3.306873153946033e-18,-4.022217563154173e-18,2.497511604182485e-15
1.1169151428424215e6,-7.827521110334846e7,-9.51870334909711e7,3.8591759506822174e10,-3.046458916519899e-18,-3.705541816492107e-18,2.3716252394432925e-15
1.177086067618896e6,-8.686741060233925e7,-1.0563826258682258e8,4.543862520447362e10,-2.6883964693864064e-18,-3.2701125914007144e-18,2.1898695342262157e-15
1.2222459528742812e6,-9.270660146397516e7,-1.1274100602926272e8,5.026094660739127e10,-2.4914138269351303e-18,-3.0305628495681083e-18,2.084987160588745e-15
1.2674058381296664e6,-9.814790071636152e7,-1.1935987164461796e8,5.486788697807811e10,-2.333590797961078e-18,-2.8386320757221145e-18,1.998111535202937e-15
1.3528359644336074e6,-1.0760136248783505e8,-1.3085942369018605e8,6.311054692367884e10,-2.1051706462420263e-18,-2.5608420951959444e-18,1.8673530021186123e-15
1.3881887777630168e6,-1.1125430376864302e8,-1.3530307717514104e8,6.637110153578452e10,-2.029441716946083e-18,-2.468743958383178e-18,1.8225590544321794e-15
1.4235415910924263e6,-1.1478079189569303e8,-1.395929433738013e8,6.955624775592146e10,-1.9618418166756695e-18,-2.3865313187162164e-18,1.78191497464305e-15
1.4992780833305703e6,-1.2196823274448764e8,-1.4833635696229967e8,7.615609773326698e10,-1.83852272116746e-18,-2.2365532199225974e-18,1.7060669633189268e-15
1.6425507701660737e6,-1.3446781270109344e8,-1.6354222907676953e8,8.795222756935155e10,-1.6610895279102388e-18,-2.020758422813754e-18,1.5927066581323927e-15
1.8286443162983616e6,-1.4911745875115588e8,-1.8136414225356722e8,1.0223607918941782e11,-1.4972805747287795e-18,-1.8215284142177316e-18,1.4830413130731902e-15
1.8286470662465328e6,-1.4911766462321472e8,-1.8136439270883346e8,1.0223628310365912e11,-1.4972785376610071e-18,-1.8215259366335945e-18,1.4830399164433914e-15
1.8286498161947038e6,-1.491178704949935e8,-1.8136464316375902e8,1.0223648701770839e11,-1.4972765006026089e-18,-1.821523459060864e-18,1.4830385198191669e-15
1.8286532438023088e6,-1.4911812709859195e8,-1.8136495533687744e8,1.0223674118126468e11,-1.497273961572657e-18,-1.8215203709651195e-18,1.4830367790378563e-15
1.828660099017519e6,-1.4911864030448344e8,-1.813655796815266e8,1.0223724950748225e11,-1.4972688835564544e-18,-1.821514194826778e-18,1.4830332975012008e-15
1.8286843143834744e6,-1.4912045313932195e8,-1.8136778509996048e8,1.022390451097384e11,-1.497250946435673e-18,-1.821492378799575e-18,1.483020999596352e-15
1.8287698527554106e6,-1.4912685662425295e8,-1.8137557530980453e8,1.0224538777693942e11,-1.4971875911598155e-18,-1.8214153229304627e-18,1.4829775619282618e-15
1.829046207495512e6,-1.4914754295480347e8,-1.8140074142814103e8,1.0226587820149379e11,-1.4969829668552391e-18,-1.8211664485663404e-18,1.482837261669478e-15
1.829939045886609e6,-1.492143564024874e8,-1.8148202386001784e8,1.0233206479203746e11,-1.4963225190496757e-18,-1.8203631786899815e-18,1.482384367856924e-15
1.833092908707333e6,-1.4945013271369877e8,-1.817688594815393e8,1.0256570077347115e11,-1.493997420791879e-18,-1.817535276389619e-18,1.4807892426762322e-15
1.8412342357164226e6,-1.5005707587863046e8,-1.825072417265992e8,1.0316764734044986e11,-1.4880515136054197e-18,-1.8103035576775356e-18,1.4767049731196712e-15
1.8622501166334336e6,-1.5161279299431792e8,-1.8439986695857787e8,1.047139076535596e11,-1.4730656572978328e-18,-1.7920769539527552e-18,1.4663783526232533e-15
1.9136913821632706e6,-1.5535648101604533e8,-1.8895431249287656e8,1.0845424407064314e11,-1.4384399843997742e-18,-1.749963165740097e-18,1.4423355633784302e-15
2.0238942384739954e6,-1.6309653917493027e8,-1.9837069253269884e8,1.1627099141867398e11,-1.3727001633624167e-18,-1.6700057796834876e-18,1.3959613520200504e-15
2.130306220838628e6,-1.702513998804521e8,-2.0707523033793426e8,1.2359167030630292e11,-1.3180708959811335e-18,-1.6035610608857218e-18,1.3566633825056512e-15
2.23671820320326e6,-1.7713454294138968e8,-2.154492805419541e8,1.3071519897839403e11,-1.2703080980596961e-18,-1.5454673169349942e-18,1.3217062484583084e-15
2.4270775186577137e6,-1.888696011045384e8,-2.297263554189289e8,1.4303038510854013e11,-1.1980467136106442e-18,-1.4575748799807246e-18,1.2676912422498933e-15
2.582133188181305e6,-1.9796197227926216e8,-2.4078842985392028e8,1.527093030035011e11,-1.1487564544333762e-18,-1.397621678469755e-18,1.2300193370244815e-15
2.6685127615852165e6,-2.0286979135810977e8,-2.4675948905353704e8,1.5798022465227704e11,-1.1242352569303883e-18,-1.3677955536950788e-18,1.2110141841665321e-15
